variable,mle_coef,mle_se,glm_coef,glm_se
const,-0.5089219015276284,0.1831787622585729,-0.5089198372969617,0.1831787467761321
age,0.14861961118963396,0.013868609950076499,0.14861947835041747,0.013868608975166227
age2,-0.0029704761010254763,0.000258005101787592,-0.0029704737688915047,0.0002580050854214177
Northeast,0.02916976581969198,0.043625484696030024,0.02917006087873255,0.043625481464926515
Northwest,-0.017573274139068253,0.05378056940216307,-0.017574534339004376,0.05378058382692466
South,0.05656140081642079,0.05266239113113614,0.05656129620092226,0.05266238892489843
Southwest,0.05057602513828002,0.047198231471071335,0.05057610737136071,0.04719822742101847
iscustomer,0.20759154183297235,0.030895253601075746,0.20759076200400567,0.03089525535941814
